/*
SQLyog Community v8.32 
MySQL - 5.5.32-cll-lve : Database - elm355_com-cl
*********************************************************************
*/

/*!40101 SET NAMES utf8 */;

/*!40101 SET SQL_MODE=''*/;

/*!40014 SET @OLD_UNIQUE_CHECKS=@@UNIQUE_CHECKS, UNIQUE_CHECKS=0 */;
/*!40014 SET @OLD_FOREIGN_KEY_CHECKS=@@FOREIGN_KEY_CHECKS, FOREIGN_KEY_CHECKS=0 */;
/*!40101 SET @OLD_SQL_MODE=@@SQL_MODE, SQL_MODE='NO_AUTO_VALUE_ON_ZERO' */;
/*!40111 SET @OLD_SQL_NOTES=@@SQL_NOTES, SQL_NOTES=0 */;
/*Data for the table `Comunio` */

insert  into `Comunio`(`comunioId`,`name`,`password`,`playoff_id`) values (20944,'Fantasy e-Champions League','c3c2257b1e378d3578e1b2ec3af3635e',217),(34664,'Die Schöne Männerrunde ','e10adc3949ba59abbe56e057f20f883e',218);

/*Data for the table `Fixture` */

insert  into `Fixture`(`fixtureId`,`groupId`) values (199,207),(200,208),(201,209),(202,210),(203,211),(204,212);

/*Data for the table `Game` */

insert  into `Game`(`gameId`,`matchdayId`,`homeTeam`,`awayTeam`,`homeGoals`,`awayGoals`) values (3508,1746,832,835,2,1),(3509,1746,831,834,4,3),(3510,1747,835,831,3,2),(3511,1747,834,833,3,0),(3512,1748,833,831,4,4),(3513,1748,834,832,3,2),(3514,1749,835,833,0,2),(3515,1749,831,832,3,1),(3516,1750,834,835,2,1),(3517,1750,832,833,2,2),(3518,1751,835,832,0,1),(3519,1751,834,831,2,1),(3520,1752,831,835,1,1),(3521,1752,833,834,1,1),(3522,1753,831,833,0,0),(3523,1753,832,834,0,0),(3524,1754,833,835,0,0),(3525,1754,832,831,0,0),(3526,1755,835,834,0,0),(3527,1755,833,832,0,0),(3528,1756,837,840,3,0),(3529,1756,836,839,2,2),(3530,1757,840,836,1,3),(3531,1757,839,838,2,1),(3532,1758,838,836,0,3),(3533,1758,839,837,2,2),(3534,1759,840,838,2,2),(3535,1759,836,837,1,2),(3536,1760,839,840,2,2),(3537,1760,837,838,1,1),(3538,1761,840,837,2,3),(3539,1761,839,836,2,3),(3540,1762,836,840,1,0),(3541,1762,838,839,1,3),(3542,1763,836,838,0,0),(3543,1763,837,839,0,0),(3544,1764,838,840,0,0),(3545,1764,837,836,0,0),(3546,1765,840,839,0,0),(3547,1765,838,837,0,0),(3548,1766,842,844,1,2),(3549,1766,841,843,5,2),(3550,1767,844,841,2,3),(3551,1767,842,843,0,0),(3552,1768,843,844,4,3),(3553,1768,842,841,2,3),(3554,1769,844,842,4,5),(3555,1769,843,841,3,3),(3556,1770,841,844,3,2),(3557,1770,843,842,2,2),(3558,1771,844,843,3,3),(3559,1771,841,842,2,2),(3560,1772,842,844,2,3),(3561,1772,841,843,1,3),(3562,1773,844,841,0,0),(3563,1773,842,843,0,0),(3564,1774,843,844,0,0),(3565,1774,842,841,0,0),(3566,1775,846,849,1,1),(3567,1775,845,848,2,2),(3568,1776,849,845,1,2),(3569,1776,848,847,1,2),(3570,1777,847,845,1,4),(3571,1777,848,846,4,3),(3572,1778,849,847,0,0),(3573,1778,845,846,0,0),(3574,1779,848,849,0,1),(3575,1779,846,847,1,5),(3576,1780,849,846,0,0),(3577,1780,848,845,0,0),(3578,1781,845,849,0,0),(3579,1781,847,848,0,0),(3580,1782,845,847,0,0),(3581,1782,846,848,0,0),(3582,1783,847,849,0,0),(3583,1783,846,845,0,0),(3584,1784,849,848,0,0),(3585,1784,847,846,0,0),(3586,1785,851,854,1,0),(3587,1785,850,853,2,1),(3588,1786,854,850,2,1),(3589,1786,853,852,3,2),(3590,1787,852,850,2,2),(3591,1787,853,851,2,0),(3592,1788,854,852,0,0),(3593,1788,850,851,0,0),(3594,1789,853,854,3,2),(3595,1789,851,852,1,2),(3596,1790,854,851,0,0),(3597,1790,853,850,0,0),(3598,1791,850,854,0,0),(3599,1791,852,853,0,0),(3600,1792,850,852,0,0),(3601,1792,851,853,0,0),(3602,1793,852,854,0,0),(3603,1793,851,850,0,0),(3604,1794,854,853,0,0),(3605,1794,852,851,0,0),(3606,1795,856,859,2,0),(3607,1795,855,858,2,2),(3608,1796,859,855,0,0),(3609,1796,858,857,3,2),(3610,1797,857,855,3,4),(3611,1797,858,856,2,3),(3612,1798,859,857,0,0),(3613,1798,855,856,0,0),(3614,1799,858,859,3,4),(3615,1799,856,857,1,2),(3616,1800,859,856,0,0),(3617,1800,858,855,0,0),(3618,1801,855,859,0,0),(3619,1801,857,858,0,0),(3620,1802,855,857,0,0),(3621,1802,856,858,0,0),(3622,1803,857,859,0,0),(3623,1803,856,855,0,0),(3624,1804,859,858,0,0),(3625,1804,857,856,0,0);

/*Data for the table `Groupe` */

insert  into `Groupe`(`groupId`,`groupName`,`comunioId`) values (207,'A',20944),(208,'B',20944),(209,'C',20944),(210,'A',34664),(211,'B',34664),(212,'C',34664);

/*Data for the table `KnockoutPairing` */

/*Data for the table `Matchday` */

insert  into `Matchday`(`matchdayId`,`fixtureId`,`comunioMatchdayNumber`,`leagueMatchdayNumber`,`byeTeam`) values (1746,199,1,0,833),(1747,199,2,0,832),(1748,199,3,0,835),(1749,199,4,0,834),(1750,199,5,0,831),(1751,199,6,0,833),(1752,199,7,0,832),(1753,199,8,0,835),(1754,199,9,0,834),(1755,199,10,0,831),(1756,200,1,0,838),(1757,200,2,0,837),(1758,200,3,0,840),(1759,200,4,0,839),(1760,200,5,0,836),(1761,200,6,0,838),(1762,200,7,0,837),(1763,200,8,0,840),(1764,200,9,0,839),(1765,200,10,0,836),(1766,201,1,0,NULL),(1767,201,2,0,NULL),(1768,201,3,0,NULL),(1769,201,4,0,NULL),(1770,201,5,0,NULL),(1771,201,6,0,NULL),(1772,201,7,0,NULL),(1773,201,8,0,NULL),(1774,201,9,0,NULL),(1775,202,1,0,847),(1776,202,2,0,846),(1777,202,3,0,849),(1778,202,4,0,848),(1779,202,5,0,845),(1780,202,6,0,847),(1781,202,7,0,846),(1782,202,8,0,849),(1783,202,9,0,848),(1784,202,10,0,845),(1785,203,1,0,852),(1786,203,2,0,851),(1787,203,3,0,854),(1788,203,4,0,853),(1789,203,5,0,850),(1790,203,6,0,852),(1791,203,7,0,851),(1792,203,8,0,854),(1793,203,9,0,853),(1794,203,10,0,850),(1795,204,1,0,857),(1796,204,2,0,856),(1797,204,3,0,859),(1798,204,4,0,858),(1799,204,5,0,855),(1800,204,6,0,857),(1801,204,7,0,856),(1802,204,8,0,859),(1803,204,9,0,858),(1804,204,10,0,855);

/*Data for the table `Playoff` */

insert  into `Playoff`(`id`,`quaterFinal`,`semiFinal`,`playoffFinal`) values (217,NULL,NULL,NULL),(218,NULL,NULL,NULL);

/*Data for the table `PlayoffFinale` */

/*Data for the table `PlayoffFixture` */

/*Data for the table `PlayoffGame` */

/*Data for the table `Result` */

insert  into `Result`(`resultId`,`teamId`,`matchday`,`points`,`goals`) values (6953,841,1,45,5),(6954,840,1,0,0),(6955,832,1,24,2),(6956,838,1,15,2),(6957,842,1,12,1),(6958,834,1,30,3),(6959,839,1,20,2),(6960,837,1,32,3),(6961,831,1,37,4),(6962,836,1,18,2),(6963,843,1,24,2),(6964,833,1,20,2),(6965,835,1,6,1),(6966,844,1,16,2),(6967,854,1,2,0),(6968,849,1,10,1),(6969,848,1,15,2),(6970,845,1,16,2),(6971,856,1,21,2),(6972,850,1,18,2),(6973,846,1,6,1),(6974,853,1,12,1),(6975,859,1,0,0),(6976,847,1,36,4),(6977,858,1,18,2),(6978,857,1,46,5),(6979,852,1,14,1),(6980,855,1,19,2),(6981,851,1,8,1),(6982,841,2,30,3),(6983,840,2,14,1),(6984,832,2,29,3),(6985,838,2,6,1),(6986,842,2,0,0),(6987,834,2,27,3),(6988,839,2,16,2),(6989,837,2,47,5),(6990,831,2,22,2),(6991,836,2,26,3),(6992,843,2,0,0),(6993,833,2,4,0),(6994,835,2,33,3),(6995,844,2,21,2),(6996,854,2,22,2),(6997,849,2,12,1),(6998,848,2,10,1),(6999,845,2,18,2),(7000,856,2,10,1),(7001,850,2,13,1),(7002,846,2,0,0),(7003,853,2,34,3),(7004,859,2,0,0),(7005,847,2,17,2),(7006,858,2,34,3),(7007,857,2,23,2),(7008,852,2,17,2),(7009,855,2,0,0),(7010,851,2,22,2),(7011,841,3,30,3),(7012,840,3,22,2),(7013,832,3,20,2),(7014,838,3,4,0),(7015,842,3,22,2),(7016,834,3,32,3),(7017,839,3,20,2),(7018,837,3,23,2),(7019,831,3,44,4),(7020,836,3,33,3),(7021,843,3,37,4),(7022,833,3,37,4),(7023,835,3,28,3),(7024,844,3,30,3),(7025,854,3,28,3),(7026,849,3,12,1),(7027,848,3,44,4),(7028,845,3,35,4),(7029,856,3,28,3),(7030,850,3,24,2),(7031,846,3,27,3),(7032,853,3,18,2),(7033,859,3,12,1),(7034,847,3,9,1),(7035,858,3,18,2),(7036,857,3,27,3),(7037,852,3,20,2),(7038,855,3,38,4),(7039,851,3,0,0),(7040,841,4,30,3),(7041,840,4,16,2),(7042,832,4,14,1),(7043,838,4,18,2),(7044,842,4,51,5),(7045,834,4,27,3),(7046,839,4,3,0),(7047,837,4,24,2),(7048,831,4,32,3),(7049,836,4,12,1),(7050,843,4,31,3),(7051,833,4,19,2),(7052,835,4,2,0),(7053,844,4,42,4),(7054,841,5,34,3),(7055,840,5,18,2),(7056,832,5,22,2),(7057,838,5,12,1),(7058,842,5,24,2),(7059,834,5,24,2),(7060,839,5,22,2),(7061,837,5,6,1),(7062,831,5,23,2),(7063,836,5,30,3),(7064,843,5,19,2),(7065,833,5,16,2),(7066,835,5,11,1),(7067,844,5,17,2),(7068,854,5,16,2),(7069,849,5,8,1),(7070,848,5,1,0),(7071,845,5,27,3),(7072,856,5,14,1),(7073,850,5,28,3),(7074,846,5,14,1),(7075,853,5,26,3),(7076,859,5,40,4),(7077,847,5,50,5),(7078,858,5,28,3),(7079,857,5,22,2),(7080,852,5,23,2),(7081,855,5,27,3),(7082,851,5,12,1),(7083,841,6,17,2),(7084,840,6,20,2),(7085,832,6,10,1),(7086,838,6,25,3),(7087,842,6,23,2),(7088,834,6,21,2),(7089,839,6,24,2),(7090,837,6,27,3),(7091,831,6,14,1),(7092,836,6,29,3),(7093,843,6,28,3),(7094,833,6,24,2),(7095,835,6,0,0),(7096,844,6,27,3),(7097,841,7,11,1),(7098,840,7,-4,0),(7099,832,7,26,3),(7100,838,7,13,1),(7101,842,7,24,2),(7102,834,7,14,1),(7103,839,7,33,3),(7104,837,7,0,0),(7105,831,7,12,1),(7106,836,7,14,1),(7107,843,7,27,3),(7108,833,7,11,1),(7109,835,7,9,1),(7110,844,7,30,3);

/*Data for the table `Team` */

insert  into `Team`(`teamId`,`teamName`,`groupId`,`gamesPlayed`,`gamesWon`,`gamesDrawn`,`gamesLost`,`goalsFor`,`goalsAgainst`,`goalDifference`,`points`,`playoffFixture`) values (831,'Gierlos Galaktiker',207,6,2,2,2,15,14,1,8,NULL),(832,'c0rneliusse',207,5,2,1,2,8,9,-1,7,NULL),(833,'SASK 1908',207,5,1,3,1,9,10,-1,6,NULL),(834,'Feiprex',207,6,4,1,1,14,9,5,13,NULL),(835,'Stolpe',207,6,1,1,4,6,10,-4,4,NULL),(836,'MAR10',208,6,4,1,1,13,7,6,13,NULL),(837,'FOX',208,5,3,2,0,11,6,5,11,NULL),(838,'Die coolen Schnegis',208,5,0,2,3,5,11,-6,2,NULL),(839,'Fortuna Wild 1991',208,6,2,3,1,13,11,2,9,NULL),(840,'Berni Allstars',208,6,0,2,4,7,14,-7,2,NULL),(841,'Balladassdaryn',209,7,4,2,1,20,16,4,14,NULL),(842,'FC Siewillja',209,7,1,3,3,14,16,-2,6,NULL),(843,'Mensch ist der United',209,7,2,4,1,17,17,0,10,NULL),(844,'Tsubasas DreamTeam',209,7,2,1,4,19,21,-2,7,NULL),(845,'nygel',210,3,2,1,0,8,4,4,7,NULL),(846,'ronaldo',210,3,0,1,2,5,10,-5,1,NULL),(847,'tobi',210,3,2,0,1,8,6,2,6,NULL),(848,'kenny',210,4,1,1,2,7,8,-1,4,NULL),(849,'fleischa',210,3,1,1,1,3,3,0,4,NULL),(850,'präzz',211,3,1,1,1,5,5,0,4,NULL),(851,'wözil',211,3,1,0,2,2,4,-2,3,NULL),(852,'wallepop',211,3,1,1,1,6,6,0,4,NULL),(853,'seppo',211,4,3,0,1,9,6,3,9,NULL),(854,'cerny',211,3,1,0,2,4,5,-1,3,NULL),(855,'wirt',212,3,1,2,0,6,5,1,5,NULL),(856,'pansn',212,3,2,0,1,6,4,2,6,NULL),(857,'waldi sen.',212,3,1,0,2,7,8,-1,3,NULL),(858,'ulga',212,4,1,1,2,10,11,-1,4,NULL),(859,'sevi',212,3,1,1,1,4,5,-1,4,NULL);

/*!40101 SET SQL_MODE=@OLD_SQL_MODE */;
/*!40014 SET FOREIGN_KEY_CHECKS=@OLD_FOREIGN_KEY_CHECKS */;
/*!40014 SET UNIQUE_CHECKS=@OLD_UNIQUE_CHECKS */;
/*!40111 SET SQL_NOTES=@OLD_SQL_NOTES */;
